월,경로,제품코드,제품명,판매수량
2024년 1월,Amazon(USA),BA00010,딥크림[70ml/-],4
2024년 1월,Amazon(USA),BA00026,스위밍풀앰플[50ml/-],3
2024년 1월,Amazon(USA),BA00023,스위밍풀토너[300ml/-],123
2024년 1월,Amazon(USA),BA00025,스위밍풀토너패드[220ml|70매/-],3
2024년 1월,Amazon(USA),BA00004,클렌저[200ml/-],9
2024년 1월,B2B(GLOBAL),BA00023,토너[300ml/-],2
2024년 2월,Amazon(USA),BA00010,딥크림[70ml/-],14
2024년 2월,Amazon(USA),BA00026,스위밍풀앰플[50ml/-],36
2024년 2월,Amazon(USA),BA00023,스위밍풀토너[300ml/-],2273
2024년 2월,Amazon(USA),BA00025,스위밍풀토너패드[220ml|70매/-],75
2024년 2월,Amazon(USA),BA00004,클렌저[200ml/-],33
2024년 2월,B2B(GLOBAL),BA00023,토너[300ml/-],236
2024년 3월,Amazon(USA),BA00010,딥크림[70ml/-],9
2024년 3월,Amazon(USA),BA00026,스위밍풀앰플[50ml/-],21
2024년 3월,Amazon(USA),BA00023,스위밍풀토너[300ml/-],2809
2024년 3월,Amazon(USA),BA00025,스위밍풀토너패드[220ml|70매/-],49
2024년 3월,Amazon(USA),BA00004,클렌저[200ml/-],30
2024년 3월,B2B(GLOBAL),BA00017,앰플[50ml/-],88
2024년 3월,B2B(GLOBAL),BA00004,클렌저[200ml/-],441
2024년 3월,B2B(GLOBAL),BA00012,클렌징오일[200ml/-],1
2024년 3월,B2B(GLOBAL),BA00023,토너[300ml/-],368
2024년 3월,Shopee(MY),BA00023,스위밍풀토너[300ml/-],2
2024년 3월,Shopee(PH),BA00023,스위밍풀토너[300ml/-],13
2024년 4월,Amazon(USA),BA00010,딥크림[70ml/-],17
2024년 4월,Amazon(USA),BA00026,스위밍풀앰플[50ml/-],35
2024년 4월,Amazon(USA),BA00023,스위밍풀토너[300ml/-],3849
2024년 4월,Amazon(USA),BA00025,스위밍풀토너패드[220ml|70매/-],160
2024년 4월,Amazon(USA),BA00004,클렌저[200ml/-],32
2024년 4월,B2B(GLOBAL),BA00010,딥크림[70ml/-],20
2024년 4월,B2B(GLOBAL),BA00005,선크림[50ml/-],20
2024년 4월,B2B(GLOBAL),BA00004,클렌저[200ml/-],209
2024년 4월,B2B(GLOBAL),BA00012,클렌징오일[200ml/-],116
2024년 4월,B2B(GLOBAL),BA00023,토너[300ml/-],442
2024년 4월,B2B(GLOBAL),BA00025,토너패드[220ml|70매/-],20
2024년 4월,Shopee(MY),BA00023,스위밍풀토너[300ml/-],42
2024년 4월,Shopee(PH),BA00023,스위밍풀토너[300ml/-],80
2024년 4월,Shopee(SG),BA00023,스위밍풀토너[300ml/-],49
2024년 5월,Amazon(USA),BA00010,딥크림[70ml/-],16
2024년 5월,Amazon(USA),BA00026,스위밍풀앰플[50ml/-],17
2024년 5월,Amazon(USA),BA00023,스위밍풀토너[300ml/-],3535
2024년 5월,Amazon(USA),BA00025,스위밍풀토너패드[220ml|70매/-],97
2024년 5월,Amazon(USA),BA00004,클렌저[200ml/-],22
2024년 5월,B2B(GLOBAL),BA00004,클렌저[200ml/-],0
2024년 5월,B2B(GLOBAL),BA00012,클렌징오일[200ml/-],1
2024년 5월,B2B(GLOBAL),BA00023,토너[300ml/-],766
2024년 5월,Shopee(MY),BA00023,스위밍풀토너[300ml/-],84
2024년 5월,Shopee(PH),BA00023,스위밍풀토너[300ml/-],443
2024년 5월,Shopee(SG),BA00023,스위밍풀토너[300ml/-],71
2024년 6월,Amazon(USA),BA00010,딥크림[70ml/-],10
2024년 6월,Amazon(USA),BA00026,스위밍풀앰플[50ml/-],41
2024년 6월,Amazon(USA),BA00023,스위밍풀토너[300ml/-],3175
2024년 6월,Amazon(USA),BA00025,스위밍풀토너패드[220ml|70매/-],91
2024년 6월,Amazon(USA),BA00004,클렌저[200ml/-],49
2024년 6월,B2B(GLOBAL),BA00004,클렌저[200ml/-],63
2024년 6월,B2B(GLOBAL),BA00023,토너[300ml/-],2375
2024년 6월,B2B(GLOBAL),BA00025,토너패드[220ml|70매/-],40
2024년 6월,Shopee(MY),BA00019,데일리글로우클렌저[210ml/-],2
2024년 6월,Shopee(MY),BA00010,딥크림[70ml/-],4
2024년 6월,Shopee(MY),BA00023,스위밍풀토너[300ml/-],244
2024년 6월,Shopee(PH),BA00019,데일리글로우클렌저[210ml/-],5
2024년 6월,Shopee(PH),BA00023,스위밍풀토너[300ml/-],794
2024년 6월,Shopee(SG),BA00019,데일리글로우클렌저[210ml/-],21
2024년 6월,Shopee(SG),BA00010,딥크림[70ml/-],1
2024년 6월,Shopee(SG),BA00023,스위밍풀토너[300ml/-],230
2024년 6월,Shopee(SG),BA00025,스위밍풀토너패드[220ml|70매/-],2
2024년 6월,Shopee(VN),BA00023,스위밍풀토너[300ml/-],1
2024년 7월,Amazon(USA),BA00019,데일리글로우클렌저[210ml/-],109
2024년 7월,Amazon(USA),BA00010,딥크림[70ml/-],15
2024년 7월,Amazon(USA),BA00026,스위밍풀앰플[50ml/-],51
2024년 7월,Amazon(USA),BA00023,스위밍풀토너[300ml/-],5445
2024년 7월,Amazon(USA),BA00025,스위밍풀토너패드[220ml|70매/-],43
2024년 7월,Amazon(USA),BA00004,클렌저[200ml/-],77
2024년 7월,B2B(GLOBAL),BA00023,토너[300ml/-],3055
2024년 7월,B2B(GLOBAL),BA00025,토너패드[220ml|70매/-],80
2024년 7월,Shopee(MY),BA00019,데일리글로우클렌저[210ml/-],48
2024년 7월,Shopee(MY),BA00010,딥크림[70ml/-],43
2024년 7월,Shopee(MY),BA00005,선크림[50ml/-],2
2024년 7월,Shopee(MY),BA00023,스위밍풀토너[300ml/-],451
2024년 7월,Shopee(MY),BA00025,스위밍풀토너패드[220ml|70매/-],4
2024년 7월,Shopee(PH),BA00019,데일리글로우클렌저[210ml/-],258
2024년 7월,Shopee(PH),BA00010,딥크림[70ml/-],34
2024년 7월,Shopee(PH),BA00005,선크림[50ml/-],13
2024년 7월,Shopee(PH),BA00023,스위밍풀토너[300ml/-],1377
2024년 7월,Shopee(PH),BA00025,스위밍풀토너패드[220ml|70매/-],24
2024년 7월,Shopee(PH),BA00017,앰플[50ml/-],1
2024년 7월,Shopee(SG),BA00019,데일리글로우클렌저[210ml/-],17
2024년 7월,Shopee(SG),BA00010,딥크림[70ml/-],9
2024년 7월,Shopee(SG),BA00005,선크림[50ml/-],17
2024년 7월,Shopee(SG),BA00023,스위밍풀토너[300ml/-],356
2024년 7월,Shopee(SG),BA00025,스위밍풀토너패드[220ml|70매/-],8
2024년 7월,Shopee(VN),BA00019,데일리글로우클렌저[210ml/-],1
2024년 7월,Shopee(VN),BA00005,선크림[50ml/-],2
2024년 7월,Shopee(VN),BA00023,스위밍풀토너[300ml/-],7
2024년 8월,Amazon(USA),BA00019,데일리글로우클렌저[210ml/-],99
2024년 8월,Amazon(USA),BA00010,딥크림[70ml/-],8
2024년 8월,Amazon(USA),BA00026,스위밍풀앰플[50ml/-],22
2024년 8월,Amazon(USA),BA00023,스위밍풀토너[300ml/-],4347
2024년 8월,Amazon(USA),BA00025,스위밍풀토너패드[220ml|70매/-],3
2024년 8월,Amazon(USA),BA00004,클렌저[200ml/-],11
2024년 8월,B2B(GLOBAL),BA00019,데일리글로우클렌저[210ml/-],63
2024년 8월,B2B(GLOBAL),BA00004,클렌저[200ml/-],580
2024년 8월,B2B(GLOBAL),BA00023,토너[300ml/-],3338
2024년 8월,Shopee(MY),BA00019,데일리글로우클렌저[210ml/-],38
2024년 8월,Shopee(MY),BA00010,딥크림[70ml/-],19
2024년 8월,Shopee(MY),BA00005,선크림[50ml/-],9
2024년 8월,Shopee(MY),BA00023,스위밍풀토너[300ml/-],426
2024년 8월,Shopee(MY),BA00025,스위밍풀토너패드[220ml|70매/-],7
2024년 8월,Shopee(PH),BA00019,데일리글로우클렌저[210ml/-],195
2024년 8월,Shopee(PH),BA00010,딥크림[70ml/-],20
2024년 8월,Shopee(PH),BA00005,선크림[50ml/-],15
2024년 8월,Shopee(PH),BA00023,스위밍풀토너[300ml/-],1118
2024년 8월,Shopee(PH),BA00025,스위밍풀토너패드[220ml|70매/-],18
2024년 8월,Shopee(SG),BA00019,데일리글로우클렌저[210ml/-],39
2024년 8월,Shopee(SG),BA00010,딥크림[70ml/-],8
2024년 8월,Shopee(SG),BA00005,선크림[50ml/-],111
2024년 8월,Shopee(SG),BA00023,스위밍풀토너[300ml/-],439
2024년 8월,Shopee(SG),BA00025,스위밍풀토너패드[220ml|70매/-],6
2024년 8월,Shopee(VN),BA00019,데일리글로우클렌저[210ml/-],1
2024년 8월,Shopee(VN),BA00005,선크림[50ml/-],1
2024년 8월,Shopee(VN),BA00023,스위밍풀토너[300ml/-],25
2024년 8월,Shopee(VN),BA00025,스위밍풀토너패드[220ml|70매/-],1
2024년 9월,Amazon(USA),BA00019,데일리글로우클렌저[210ml/-],187
2024년 9월,Amazon(USA),BA00010,딥크림[70ml/-],11
2024년 9월,Amazon(USA),BA00021,바쿠치올플럼핑세럼[30ml/-],58
2024년 9월,Amazon(USA),BA00022,비타민일루미네이팅세럼[30ml/-],58
2024년 9월,Amazon(USA),BA00026,스위밍풀앰플[50ml/-],41
2024년 9월,Amazon(USA),BA00023,스위밍풀토너[300ml/-],5321
2024년 9월,Amazon(USA),BA00004,클렌저[200ml/-],8
2024년 9월,B2B(GLOBAL),BA00019,데일리글로우클렌저[210ml/-],14
2024년 9월,B2B(GLOBAL),BA00010,딥크림[70ml/-],1
2024년 9월,B2B(GLOBAL),BA00023,토너[300ml/-],2513
2024년 9월,B2B(GLOBAL),BA00025,토너패드[220ml|70매/-],3
2024년 9월,Shopee(MY),BA00019,데일리글로우클렌저[210ml/-],26
2024년 9월,Shopee(MY),BA00010,딥크림[70ml/-],25
2024년 9월,Shopee(MY),BA00005,선크림[50ml/-],154
2024년 9월,Shopee(MY),BA00023,스위밍풀토너[300ml/-],723
2024년 9월,Shopee(MY),BA00025,스위밍풀토너패드[220ml|70매/-],6
2024년 9월,Shopee(MY),BA00004,클렌저[200ml/-],18
2024년 9월,Shopee(PH),BA00019,데일리글로우클렌저[210ml/-],87
2024년 9월,Shopee(PH),BA00010,딥크림[70ml/-],45
2024년 9월,Shopee(PH),BA00005,선크림[50ml/-],43
2024년 9월,Shopee(PH),BA00023,스위밍풀토너[300ml/-],1630
2024년 9월,Shopee(PH),BA00025,스위밍풀토너패드[220ml|70매/-],30
2024년 9월,Shopee(PH),BA00004,클렌저[200ml/-],10
2024년 9월,Shopee(SG),BA00019,데일리글로우클렌저[210ml/-],53
2024년 9월,Shopee(SG),BA00010,딥크림[70ml/-],96
2024년 9월,Shopee(SG),BA00005,선크림[50ml/-],320
2024년 9월,Shopee(SG),BA00023,스위밍풀토너[300ml/-],785
2024년 9월,Shopee(SG),BA00025,스위밍풀토너패드[220ml|70매/-],18
2024년 9월,Shopee(SG),BA00004,클렌저[200ml/-],17
2024년 9월,Shopee(TW),BA00023,스위밍풀토너[300ml/-],8
2024년 9월,Shopee(VN),BA00019,데일리글로우클렌저[210ml/-],6
2024년 9월,Shopee(VN),BA00010,딥크림[70ml/-],4
2024년 9월,Shopee(VN),BA00005,선크림[50ml/-],39
2024년 9월,Shopee(VN),BA00023,스위밍풀토너[300ml/-],82
2024년 9월,Shopee(VN),BA00025,스위밍풀토너패드[220ml|70매/-],4
2024년 9월,Shopee(VN),BA00004,클렌저[200ml/-],5
2024년 10월,Amazon(USA),BA00019,데일리글로우클렌저[210ml/-],206
2024년 10월,Amazon(USA),BA00010,딥크림[70ml/-],26
2024년 10월,Amazon(USA),BA00021,바쿠치올플럼핑세럼[30ml/-],741
2024년 10월,Amazon(USA),BA00022,비타민일루미네이팅세럼[30ml/-],211
2024년 10월,Amazon(USA),BA00026,스위밍풀앰플[50ml/-],53
2024년 10월,Amazon(USA),BA00023,스위밍풀토너[300ml/-],6013
2024년 10월,Amazon(USA),BA00025,스위밍풀토너패드[220ml|70매/-],1
2024년 10월,Amazon(USA),BA00004,클렌저[200ml/-],20
2024년 10월,B2B(GLOBAL),BA00019,데일리글로우클렌저[210ml/-],14
2024년 10월,B2B(GLOBAL),BA00010,딥크림[70ml/-],185
2024년 10월,B2B(GLOBAL),BA00021,바쿠치올플럼핑세럼[30ml/-],423
2024년 10월,B2B(GLOBAL),BA00022,비타민일루미네이팅세럼[30ml/-],140
2024년 10월,B2B(GLOBAL),BA00004,클렌저[200ml/-],252
2024년 10월,B2B(GLOBAL),BA00012,클렌징오일[200ml/-],144
2024년 10월,B2B(GLOBAL),BA00023,토너[300ml/-],4195
2024년 10월,B2B(GLOBAL),BA00025,토너패드[220ml|70매/-],1
2024년 10월,Shopee(MY),BA00019,데일리글로우클렌저[210ml/-],28
2024년 10월,Shopee(MY),BA00010,딥크림[70ml/-],38
2024년 10월,Shopee(MY),BA00021,바쿠치올플럼핑세럼[30ml/-],14
2024년 10월,Shopee(MY),BA00022,비타민일루미네이팅세럼[30ml/-],6
2024년 10월,Shopee(MY),BA00005,선크림[50ml/-],45
2024년 10월,Shopee(MY),BA00023,스위밍풀토너[300ml/-],686
2024년 10월,Shopee(MY),BA00025,스위밍풀토너패드[220ml|70매/-],15
2024년 10월,Shopee(MY),BA00004,클렌저[200ml/-],17
2024년 10월,Shopee(PH),BA00019,데일리글로우클렌저[210ml/-],101
2024년 10월,Shopee(PH),BA00010,딥크림[70ml/-],52
2024년 10월,Shopee(PH),BA00021,바쿠치올플럼핑세럼[30ml/-],19
2024년 10월,Shopee(PH),BA00022,비타민일루미네이팅세럼[30ml/-],11
2024년 10월,Shopee(PH),BA00005,선크림[50ml/-],33
2024년 10월,Shopee(PH),BA00023,스위밍풀토너[300ml/-],1419
2024년 10월,Shopee(PH),BA00025,스위밍풀토너패드[220ml|70매/-],26
2024년 10월,Shopee(PH),BA00004,클렌저[200ml/-],15
2024년 10월,Shopee(SG),BA00019,데일리글로우클렌저[210ml/-],59
2024년 10월,Shopee(SG),BA00010,딥크림[70ml/-],114
2024년 10월,Shopee(SG),BA00021,바쿠치올플럼핑세럼[30ml/-],17
2024년 10월,Shopee(SG),BA00022,비타민일루미네이팅세럼[30ml/-],13
2024년 10월,Shopee(SG),BA00005,선크림[50ml/-],84
2024년 10월,Shopee(SG),BA00023,스위밍풀토너[300ml/-],570
2024년 10월,Shopee(SG),BA00025,스위밍풀토너패드[220ml|70매/-],2
2024년 10월,Shopee(SG),BA00004,클렌저[200ml/-],28
2024년 10월,Shopee(TW),BA00010,딥크림[70ml/-],1
2024년 10월,Shopee(TW),BA00023,스위밍풀토너[300ml/-],12
2024년 10월,Shopee(TW),BA00004,클렌저[200ml/-],1
2024년 10월,Shopee(VN),BA00019,데일리글로우클렌저[210ml/-],7
2024년 10월,Shopee(VN),BA00010,딥크림[70ml/-],9
2024년 10월,Shopee(VN),BA00021,바쿠치올플럼핑세럼[30ml/-],8
2024년 10월,Shopee(VN),BA00022,비타민일루미네이팅세럼[30ml/-],5
2024년 10월,Shopee(VN),BA00005,선크림[50ml/-],7
2024년 10월,Shopee(VN),BA00023,스위밍풀토너[300ml/-],98
2024년 10월,Shopee(VN),BA00025,스위밍풀토너패드[220ml|70매/-],3
2024년 10월,Shopee(VN),BA00004,클렌저[200ml/-],9
2024년 11월,Amazon(USA),BA00019,데일리글로우클렌저[210ml/-],256
2024년 11월,Amazon(USA),BA00010,딥크림[70ml/-],44
2024년 11월,Amazon(USA),BA00021,바쿠치올플럼핑세럼[30ml/-],4615
2024년 11월,Amazon(USA),BA00022,비타민일루미네이팅세럼[30ml/-],1290
2024년 11월,Amazon(USA),BA00026,스위밍풀앰플[50ml/-],69
2024년 11월,Amazon(USA),BA00023,스위밍풀토너[300ml/-],7684
2024년 11월,Amazon(USA),BA00004,클렌저[200ml/-],27
2024년 11월,B2B(GLOBAL),BA00019,데일리글로우클렌저[210ml/-],345
2024년 11월,B2B(GLOBAL),BA00021,바쿠치올플럼핑세럼[30ml/-],1336
2024년 11월,B2B(GLOBAL),BA00022,비타민일루미네이팅세럼[30ml/-],800
2024년 11월,B2B(GLOBAL),BA00023,토너[300ml/-],5299
2024년 11월,Shopee(MY),BA00019,데일리글로우클렌저[210ml/-],42
2024년 11월,Shopee(MY),BA00010,딥크림[70ml/-],42
2024년 11월,Shopee(MY),BA00021,바쿠치올플럼핑세럼[30ml/-],316
2024년 11월,Shopee(MY),BA00022,비타민일루미네이팅세럼[30ml/-],167
2024년 11월,Shopee(MY),BA00005,선크림[50ml/-],39
2024년 11월,Shopee(MY),BA00023,스위밍풀토너[300ml/-],687
2024년 11월,Shopee(MY),BA00025,스위밍풀토너패드[220ml|70매/-],27
2024년 11월,Shopee(MY),BA00017,앰플[50ml/-],18
2024년 11월,Shopee(MY),BA00004,클렌저[200ml/-],241
2024년 11월,Shopee(PH),BA00019,데일리글로우클렌저[210ml/-],120
2024년 11월,Shopee(PH),BA00010,딥크림[70ml/-],77
2024년 11월,Shopee(PH),BA00021,바쿠치올플럼핑세럼[30ml/-],301
2024년 11월,Shopee(PH),BA00022,비타민일루미네이팅세럼[30ml/-],165
2024년 11월,Shopee(PH),BA00005,선크림[50ml/-],35
2024년 11월,Shopee(PH),BA00023,스위밍풀토너[300ml/-],2569
2024년 11월,Shopee(PH),BA00025,스위밍풀토너패드[220ml|70매/-],42
2024년 11월,Shopee(PH),BA00017,앰플[50ml/-],23
2024년 11월,Shopee(PH),BA00004,클렌저[200ml/-],50
2024년 11월,Shopee(SG),BA00019,데일리글로우클렌저[210ml/-],14
2024년 11월,Shopee(SG),BA00010,딥크림[70ml/-],103
2024년 11월,Shopee(SG),BA00021,바쿠치올플럼핑세럼[30ml/-],665
2024년 11월,Shopee(SG),BA00022,비타민일루미네이팅세럼[30ml/-],241
2024년 11월,Shopee(SG),BA00005,선크림[50ml/-],149
2024년 11월,Shopee(SG),BA00023,스위밍풀토너[300ml/-],887
2024년 11월,Shopee(SG),BA00017,앰플[50ml/-],46
2024년 11월,Shopee(SG),BA00004,클렌저[200ml/-],78
2024년 11월,Shopee(TW),BA00010,딥크림[70ml/-],1
2024년 11월,Shopee(TW),BA00021,바쿠치올플럼핑세럼[30ml/-],7
2024년 11월,Shopee(TW),BA00023,스위밍풀토너[300ml/-],17
2024년 11월,Shopee(TW),BA00004,클렌저[200ml/-],1
2024년 11월,Shopee(VN),BA00019,데일리글로우클렌저[210ml/-],2
2024년 11월,Shopee(VN),BA00010,딥크림[70ml/-],8
2024년 11월,Shopee(VN),BA00021,바쿠치올플럼핑세럼[30ml/-],43
2024년 11월,Shopee(VN),BA00022,비타민일루미네이팅세럼[30ml/-],30
2024년 11월,Shopee(VN),BA00005,선크림[50ml/-],11
2024년 11월,Shopee(VN),BA00023,스위밍풀토너[300ml/-],100
2024년 11월,Shopee(VN),BA00004,클렌저[200ml/-],33
2024년 12월,Amazon(USA),BA00019,데일리글로우클렌저[210ml/-],287
2024년 12월,Amazon(USA),BA00010,딥크림[70ml/-],34
2024년 12월,Amazon(USA),BA00021,바쿠치올플럼핑세럼[30ml/-],5373
2024년 12월,Amazon(USA),BA00022,비타민일루미네이팅세럼[30ml/-],1312
2024년 12월,Amazon(USA),BA00026,스위밍풀앰플[50ml/-],60
2024년 12월,Amazon(USA),BA00023,스위밍풀토너[300ml/-],6972
2024년 12월,Amazon(USA),BA00004,클렌저[200ml/-],21
2024년 12월,B2B(GLOBAL),BA00019,데일리글로우클렌저[210ml/-],375
2024년 12월,B2B(GLOBAL),BA00021,바쿠치올플럼핑세럼[30ml/-],3264
2024년 12월,B2B(GLOBAL),BA00022,비타민일루미네이팅세럼[30ml/-],1707
2024년 12월,B2B(GLOBAL),BA00023,스위밍풀토너[300ml/-],469
2024년 12월,B2B(GLOBAL),BA00023,토너[300ml/-],6746
2024년 12월,Shopee(MY),BA00019,데일리글로우클렌저[210ml/-],29
2024년 12월,Shopee(MY),BA00010,딥크림[70ml/-],38
2024년 12월,Shopee(MY),BA00021,바쿠치올플럼핑세럼[30ml/-],514
2024년 12월,Shopee(MY),BA00022,비타민일루미네이팅세럼[30ml/-],138
2024년 12월,Shopee(MY),BA00005,선크림[50ml/-],19
2024년 12월,Shopee(MY),BA00023,스위밍풀토너[300ml/-],1293
2024년 12월,Shopee(MY),BA00025,스위밍풀토너패드[220ml|70매/-],8
2024년 12월,Shopee(MY),BA00017,앰플[50ml/-],75
2024년 12월,Shopee(MY),BA00004,클렌저[200ml/-],34
2024년 12월,Shopee(PH),BA00019,데일리글로우클렌저[210ml/-],177
2024년 12월,Shopee(PH),BA00010,딥크림[70ml/-],630
2024년 12월,Shopee(PH),BA00021,바쿠치올플럼핑세럼[30ml/-],707
2024년 12월,Shopee(PH),BA00022,비타민일루미네이팅세럼[30ml/-],272
2024년 12월,Shopee(PH),BA00005,선크림[50ml/-],52
2024년 12월,Shopee(PH),BA00023,스위밍풀토너[300ml/-],2527
2024년 12월,Shopee(PH),BA00025,스위밍풀토너패드[220ml|70매/-],63
2024년 12월,Shopee(PH),BA00017,앰플[50ml/-],35
2024년 12월,Shopee(PH),BA00004,클렌저[200ml/-],73
2024년 12월,Shopee(SG),BA00019,데일리글로우클렌저[210ml/-],103
2024년 12월,Shopee(SG),BA00010,딥크림[70ml/-],250
2024년 12월,Shopee(SG),BA00021,바쿠치올플럼핑세럼[30ml/-],894
2024년 12월,Shopee(SG),BA00022,비타민일루미네이팅세럼[30ml/-],317
2024년 12월,Shopee(SG),BA00005,선크림[50ml/-],19
2024년 12월,Shopee(SG),BA00023,스위밍풀토너[300ml/-],1467
2024년 12월,Shopee(SG),BA00017,앰플[50ml/-],67
2024년 12월,Shopee(SG),BA00004,클렌저[200ml/-],30
2024년 12월,Shopee(TW),BA00010,딥크림[70ml/-],5
2024년 12월,Shopee(TW),BA00021,바쿠치올플럼핑세럼[30ml/-],12
2024년 12월,Shopee(TW),BA00022,비타민일루미네이팅세럼[30ml/-],8
2024년 12월,Shopee(TW),BA00005,선크림[50ml/-],1
2024년 12월,Shopee(TW),BA00023,스위밍풀토너[300ml/-],21
2024년 12월,Shopee(TW),BA00017,앰플[50ml/-],7
2024년 12월,Shopee(VN),BA00019,데일리글로우클렌저[210ml/-],2
2024년 12월,Shopee(VN),BA00010,딥크림[70ml/-],182
2024년 12월,Shopee(VN),BA00021,바쿠치올플럼핑세럼[30ml/-],29
2024년 12월,Shopee(VN),BA00022,비타민일루미네이팅세럼[30ml/-],18
2024년 12월,Shopee(VN),BA00005,선크림[50ml/-],2
2024년 12월,Shopee(VN),BA00023,스위밍풀토너[300ml/-],296
2024년 12월,Shopee(VN),BA00017,앰플[50ml/-],1
2024년 12월,Shopee(VN),BA00004,클렌저[200ml/-],3
2025년 1월,Amazon(USA),BA00019,데일리글로우클렌저[210ml/-],332
2025년 1월,Amazon(USA),BA00021,바쿠치올플럼핑세럼[30ml/-],5377
2025년 1월,Amazon(USA),BA00022,비타민일루미네이팅세럼[30ml/-],1645
2025년 1월,Amazon(USA),BA00023,스위밍풀토너[300ml/-],10359
2025년 1월,Amazon(USA),BA00025,스위밍풀토너패드[220ml|70매/-],7
2025년 1월,B2B(GLOBAL),BA00019,데일리글로우클렌저[210ml/-],146
2025년 1월,B2B(GLOBAL),BA00021,바쿠치올플럼핑세럼[30ml/-],9903
2025년 1월,B2B(GLOBAL),BA00022,비타민일루미네이팅세럼[30ml/-],2853
2025년 1월,B2B(GLOBAL),BA00026,스위밍풀앰플[50ml/-],313
2025년 1월,B2B(GLOBAL),BA00024,스위밍풀토너[155ml/-],1242
2025년 1월,B2B(GLOBAL),BA00023,스위밍풀토너[300ml/-],700
2025년 1월,B2B(GLOBAL),BA00025,스위밍풀토너패드[220ml|70매/-],190
2025년 1월,B2B(GLOBAL),BA00017,앰플[50ml/-],25
2025년 1월,B2B(GLOBAL),BA00024,토너[155ml/-],632
2025년 1월,B2B(GLOBAL),BA00023,토너[300ml/-],9750
2025년 1월,B2B(GLOBAL),BA00025,토너패드[220ml|70매/-],44
2025년 1월,Shopee(MY),BA00019,데일리글로우클렌저[210ml/-],49
2025년 1월,Shopee(MY),BA00010,딥크림[70ml/-],91
2025년 1월,Shopee(MY),BA00021,바쿠치올플럼핑세럼[30ml/-],509
2025년 1월,Shopee(MY),BA00022,비타민일루미네이팅세럼[30ml/-],134
2025년 1월,Shopee(MY),BA00005,선크림[50ml/-],18
2025년 1월,Shopee(MY),BA00024,스위밍풀토너[155ml/-],6
2025년 1월,Shopee(MY),BA00023,스위밍풀토너[300ml/-],1753
2025년 1월,Shopee(MY),BA00025,스위밍풀토너패드[220ml|70매/-],1
2025년 1월,Shopee(MY),BA00004,클렌저[200ml/-],23
2025년 1월,Shopee(PH),BA00019,데일리글로우클렌저[210ml/-],162
2025년 1월,Shopee(PH),BA00021,바쿠치올플럼핑세럼[30ml/-],953
2025년 1월,Shopee(PH),BA00022,비타민일루미네이팅세럼[30ml/-],361
2025년 1월,Shopee(PH),BA00005,선크림[50ml/-],92
2025년 1월,Shopee(PH),BA00024,스위밍풀토너[155ml/-],1
2025년 1월,Shopee(PH),BA00023,스위밍풀토너[300ml/-],3341
2025년 1월,Shopee(PH),BA00025,스위밍풀토너패드[220ml|70매/-],18
2025년 1월,Shopee(PH),BA00004,클렌저[200ml/-],26
2025년 1월,Shopee(SG),BA00019,데일리글로우클렌저[210ml/-],28
2025년 1월,Shopee(SG),BA00010,딥크림[70ml/-],2
2025년 1월,Shopee(SG),BA00021,바쿠치올플럼핑세럼[30ml/-],745
2025년 1월,Shopee(SG),BA00022,비타민일루미네이팅세럼[30ml/-],290
2025년 1월,Shopee(SG),BA00005,선크림[50ml/-],2
2025년 1월,Shopee(SG),BA00024,스위밍풀토너[155ml/-],30
2025년 1월,Shopee(SG),BA00023,스위밍풀토너[300ml/-],1211
2025년 1월,Shopee(SG),BA00004,클렌저[200ml/-],18
2025년 1월,Shopee(TW),BA00021,바쿠치올플럼핑세럼[30ml/-],22
2025년 1월,Shopee(TW),BA00022,비타민일루미네이팅세럼[30ml/-],67
2025년 1월,Shopee(TW),BA00024,스위밍풀토너[155ml/-],2
2025년 1월,Shopee(TW),BA00023,스위밍풀토너[300ml/-],64
2025년 1월,Shopee(VN),BA00019,데일리글로우클렌저[210ml/-],4
2025년 1월,Shopee(VN),BA00021,바쿠치올플럼핑세럼[30ml/-],103
2025년 1월,Shopee(VN),BA00022,비타민일루미네이팅세럼[30ml/-],31
2025년 1월,Shopee(VN),BA00024,스위밍풀토너[155ml/-],3
2025년 1월,Shopee(VN),BA00023,스위밍풀토너[300ml/-],519
2025년 1월,Shopee(VN),BA00004,클렌저[200ml/-],69
2025년 2월,Amazon(USA),BA00019,데일리글로우클렌저[210ml/-],364
2025년 2월,Amazon(USA),BA00010,딥크림[70ml/-],1
2025년 2월,Amazon(USA),BA00021,바쿠치올플럼핑세럼[30ml/-],6544
2025년 2월,Amazon(USA),BA00022,비타민일루미네이팅세럼[30ml/-],2068
2025년 2월,Amazon(USA),BA00023,스위밍풀토너[300ml/-],12745
2025년 2월,Amazon(USA),BA00025,스위밍풀토너패드[220ml|70매/-],172
2025년 2월,B2B(GLOBAL),BA00019,데일리글로우클렌저[210ml/-],1
2025년 2월,B2B(GLOBAL),BA00021,바쿠치올플럼핑세럼[30ml/-],18334
2025년 2월,B2B(GLOBAL),BA00022,비타민일루미네이팅세럼[30ml/-],9484
2025년 2월,B2B(GLOBAL),BA00026,스위밍풀앰플[50ml/-],1383
2025년 2월,B2B(GLOBAL),BA00024,스위밍풀토너[155ml/-],7447
2025년 2월,B2B(GLOBAL),BA00023,스위밍풀토너[300ml/-],16661
2025년 2월,B2B(GLOBAL),BA00025,스위밍풀토너패드[220ml|70매/-],2040
2025년 2월,B2B(GLOBAL),BA00017,앰플[50ml/-],13
2025년 2월,B2B(GLOBAL),BA00024,토너[155ml/-],7049
2025년 2월,B2B(GLOBAL),BA00023,토너[300ml/-],8354
2025년 2월,B2B(GLOBAL),BA00025,토너패드[220ml|70매/-],305
2025년 2월,B2B(GLOBAL),BA00028,퍼플PDRN포어세럼[30ml/-],2
2025년 2월,Shopee(MY),BA00019,데일리글로우클렌저[210ml/-],66
2025년 2월,Shopee(MY),BA00021,바쿠치올플럼핑세럼[30ml/-],691
2025년 2월,Shopee(MY),BA00022,비타민일루미네이팅세럼[30ml/-],175
2025년 2월,Shopee(MY),BA00026,스위밍풀앰플[50ml/-],4
2025년 2월,Shopee(MY),BA00024,스위밍풀토너[155ml/-],1138
2025년 2월,Shopee(MY),BA00023,스위밍풀토너[300ml/-],1715
2025년 2월,Shopee(MY),BA00025,스위밍풀토너패드[220ml|70매/-],8
2025년 2월,Shopee(MY),BA00004,클렌저[200ml/-],89
2025년 2월,Shopee(PH),BA00019,데일리글로우클렌저[210ml/-],209
2025년 2월,Shopee(PH),BA00021,바쿠치올플럼핑세럼[30ml/-],1257
2025년 2월,Shopee(PH),BA00022,비타민일루미네이팅세럼[30ml/-],390
2025년 2월,Shopee(PH),BA00005,선크림[50ml/-],371
2025년 2월,Shopee(PH),BA00026,스위밍풀앰플[50ml/-],8
2025년 2월,Shopee(PH),BA00024,스위밍풀토너[155ml/-],1362
2025년 2월,Shopee(PH),BA00023,스위밍풀토너[300ml/-],2513
2025년 2월,Shopee(PH),BA00025,스위밍풀토너패드[220ml|70매/-],14
2025년 2월,Shopee(SG),BA00019,데일리글로우클렌저[210ml/-],13
2025년 2월,Shopee(SG),BA00021,바쿠치올플럼핑세럼[30ml/-],809
2025년 2월,Shopee(SG),BA00022,비타민일루미네이팅세럼[30ml/-],292
2025년 2월,Shopee(SG),BA00026,스위밍풀앰플[50ml/-],9
2025년 2월,Shopee(SG),BA00024,스위밍풀토너[155ml/-],582
2025년 2월,Shopee(SG),BA00023,스위밍풀토너[300ml/-],2179
2025년 2월,Shopee(SG),BA00025,스위밍풀토너패드[220ml|70매/-],28
2025년 2월,Shopee(SG),BA00004,클렌저[200ml/-],53
2025년 2월,Shopee(TW),BA00021,바쿠치올플럼핑세럼[30ml/-],26
2025년 2월,Shopee(TW),BA00022,비타민일루미네이팅세럼[30ml/-],113
2025년 2월,Shopee(TW),BA00026,스위밍풀앰플[50ml/-],1
2025년 2월,Shopee(TW),BA00024,스위밍풀토너[155ml/-],12
2025년 2월,Shopee(TW),BA00023,스위밍풀토너[300ml/-],132
2025년 2월,Shopee(VN),BA00021,바쿠치올플럼핑세럼[30ml/-],195
2025년 2월,Shopee(VN),BA00022,비타민일루미네이팅세럼[30ml/-],70
2025년 2월,Shopee(VN),BA00026,스위밍풀앰플[50ml/-],5
2025년 2월,Shopee(VN),BA00024,스위밍풀토너[155ml/-],144
2025년 2월,Shopee(VN),BA00023,스위밍풀토너[300ml/-],1940
2025년 2월,Shopee(VN),BA00025,스위밍풀토너패드[220ml|70매/-],1
2025년 3월,Amazon(USA),BA00019,데일리글로우클렌저[210ml/-],334
2025년 3월,Amazon(USA),BA00010,딥크림[70ml/-],1
2025년 3월,Amazon(USA),BA00021,바쿠치올플럼핑세럼[30ml/-],8527
2025년 3월,Amazon(USA),BA00022,비타민일루미네이팅세럼[30ml/-],3076
2025년 3월,Amazon(USA),BA00023,스위밍풀토너[300ml/-],14400
2025년 3월,Amazon(USA),BA00025,스위밍풀토너패드[220ml|70매/-],1152
2025년 3월,Amazon(USA),BA00031,콜라겐 하이드로겔 마스크[4EA|30g/글로우업],150
2025년 3월,Amazon(USA),BA00030,콜라겐 하이드로겔 마스크[4EA|30g/타이트업],1428
2025년 3월,Amazon(USA),BA00028,퍼플PDRN포어세럼[30ml/-],360
2025년 3월,Amazon(USA),BA00029,퍼플라이스포어클렌징오일[200ml/-],40
2025년 3월,Amazon(USA),BA00027,퍼플라이스포어팩클렌저[130g/-],43
2025년 3월,B2B(GLOBAL),BA00021,바쿠치올플럼핑세럼[30ml/-],31674
2025년 3월,B2B(GLOBAL),BA00022,비타민일루미네이팅세럼[30ml/-],14436
2025년 3월,B2B(GLOBAL),BA00026,스위밍풀앰플[50ml/-],1842
2025년 3월,B2B(GLOBAL),BA00024,스위밍풀토너[155ml/-],13814
2025년 3월,B2B(GLOBAL),BA00023,스위밍풀토너[300ml/-],15553
2025년 3월,B2B(GLOBAL),BA00025,스위밍풀토너패드[220ml|70매/-],3105
2025년 3월,B2B(GLOBAL),BA00017,앰플[50ml/-],67
2025년 3월,B2B(GLOBAL),BA00031,콜라겐 하이드로겔 마스크[4EA|30g/글로우업],409
2025년 3월,B2B(GLOBAL),BA00030,콜라겐 하이드로겔 마스크[4EA|30g/타이트업],605
2025년 3월,B2B(GLOBAL),BA00024,토너[155ml/-],2419
2025년 3월,B2B(GLOBAL),BA00023,토너[300ml/-],16191
2025년 3월,B2B(GLOBAL),BA00025,토너패드[220ml|70매/-],920
2025년 3월,B2B(GLOBAL),BA00028,퍼플PDRN포어세럼[30ml/-],629
2025년 3월,B2B(GLOBAL),BA00029,퍼플라이스포어클렌징오일[200ml/-],383
2025년 3월,B2B(GLOBAL),BA00027,퍼플라이스포어팩클렌저[130g/-],550
2025년 3월,Shopee(MY),BA00019,데일리글로우클렌저[210ml/-],82
2025년 3월,Shopee(MY),BA00021,바쿠치올플럼핑세럼[30ml/-],491
2025년 3월,Shopee(MY),BA00022,비타민일루미네이팅세럼[30ml/-],142
2025년 3월,Shopee(MY),BA00026,스위밍풀앰플[50ml/-],9
2025년 3월,Shopee(MY),BA00024,스위밍풀토너[155ml/-],1337
2025년 3월,Shopee(MY),BA00023,스위밍풀토너[300ml/-],618
2025년 3월,Shopee(MY),BA00025,스위밍풀토너패드[220ml|70매/-],50
2025년 3월,Shopee(MY),BA00031,콜라겐 하이드로겔 마스크[4EA|30g/글로우업],2
2025년 3월,Shopee(MY),BA00030,콜라겐 하이드로겔 마스크[4EA|30g/타이트업],12
2025년 3월,Shopee(MY),BA00004,클렌저[200ml/-],172
2025년 3월,Shopee(MY),BA00028,퍼플PDRN포어세럼[30ml/-],7
2025년 3월,Shopee(MY),BA00029,퍼플라이스포어클렌징오일[200ml/-],1
2025년 3월,Shopee(MY),BA00027,퍼플라이스포어팩클렌저[130g/-],1
2025년 3월,Shopee(PH),BA00019,데일리글로우클렌저[210ml/-],200
2025년 3월,Shopee(PH),BA00021,바쿠치올플럼핑세럼[30ml/-],981
2025년 3월,Shopee(PH),BA00022,비타민일루미네이팅세럼[30ml/-],393
2025년 3월,Shopee(PH),BA00005,선크림[50ml/-],1
2025년 3월,Shopee(PH),BA00026,스위밍풀앰플[50ml/-],16
2025년 3월,Shopee(PH),BA00024,스위밍풀토너[155ml/-],1571
2025년 3월,Shopee(PH),BA00023,스위밍풀토너[300ml/-],678
2025년 3월,Shopee(PH),BA00025,스위밍풀토너패드[220ml|70매/-],32
2025년 3월,Shopee(PH),BA00031,콜라겐 하이드로겔 마스크[4EA|30g/글로우업],2
2025년 3월,Shopee(PH),BA00030,콜라겐 하이드로겔 마스크[4EA|30g/타이트업],10
2025년 3월,Shopee(PH),BA00028,퍼플PDRN포어세럼[30ml/-],4
2025년 3월,Shopee(SG),BA00019,데일리글로우클렌저[210ml/-],136
2025년 3월,Shopee(SG),BA00021,바쿠치올플럼핑세럼[30ml/-],1377
2025년 3월,Shopee(SG),BA00022,비타민일루미네이팅세럼[30ml/-],295
2025년 3월,Shopee(SG),BA00026,스위밍풀앰플[50ml/-],7
2025년 3월,Shopee(SG),BA00024,스위밍풀토너[155ml/-],766
2025년 3월,Shopee(SG),BA00023,스위밍풀토너[300ml/-],1288
2025년 3월,Shopee(SG),BA00025,스위밍풀토너패드[220ml|70매/-],222
2025년 3월,Shopee(SG),BA00031,콜라겐 하이드로겔 마스크[4EA|30g/글로우업],7
2025년 3월,Shopee(SG),BA00030,콜라겐 하이드로겔 마스크[4EA|30g/타이트업],20
2025년 3월,Shopee(SG),BA00004,클렌저[200ml/-],14
2025년 3월,Shopee(SG),BA00028,퍼플PDRN포어세럼[30ml/-],6
2025년 3월,Shopee(SG),BA00027,퍼플라이스포어팩클렌저[130g/-],1
2025년 3월,Shopee(TW),BA00021,바쿠치올플럼핑세럼[30ml/-],28
2025년 3월,Shopee(TW),BA00022,비타민일루미네이팅세럼[30ml/-],86
2025년 3월,Shopee(TW),BA00024,스위밍풀토너[155ml/-],25
2025년 3월,Shopee(TW),BA00023,스위밍풀토너[300ml/-],37
2025년 3월,Shopee(TW),BA00025,스위밍풀토너패드[220ml|70매/-],1
2025년 3월,Shopee(TW),BA00031,콜라겐 하이드로겔 마스크[4EA|30g/글로우업],2
2025년 3월,Shopee(TW),BA00028,퍼플PDRN포어세럼[30ml/-],2
2025년 3월,Shopee(TW),BA00027,퍼플라이스포어팩클렌저[130g/-],1
2025년 3월,Shopee(VN),BA00021,바쿠치올플럼핑세럼[30ml/-],121
2025년 3월,Shopee(VN),BA00022,비타민일루미네이팅세럼[30ml/-],41
2025년 3월,Shopee(VN),BA00026,스위밍풀앰플[50ml/-],4
2025년 3월,Shopee(VN),BA00024,스위밍풀토너[155ml/-],236
2025년 3월,Shopee(VN),BA00023,스위밍풀토너[300ml/-],178
2025년 3월,Shopee(VN),BA00025,스위밍풀토너패드[220ml|70매/-],7
2025년 3월,Shopee(VN),BA00031,콜라겐 하이드로겔 마스크[4EA|30g/글로우업],5
2025년 3월,Shopee(VN),BA00030,콜라겐 하이드로겔 마스크[4EA|30g/타이트업],2
2025년 3월,Shopee(VN),BA00028,퍼플PDRN포어세럼[30ml/-],3
2025년 3월,Shopee(VN),BA00029,퍼플라이스포어클렌징오일[200ml/-],2
2025년 3월,Shopee(VN),BA00027,퍼플라이스포어팩클렌저[130g/-],3
2025년 4월,Amazon(USA),BA00019,데일리글로우클렌저[210ml/-],320
2025년 4월,Amazon(USA),BA00021,바쿠치올플럼핑세럼[30ml/-],7569
2025년 4월,Amazon(USA),BA00022,비타민일루미네이팅세럼[30ml/-],3382
2025년 4월,Amazon(USA),BA00023,스위밍풀토너[300ml/-],11881
2025년 4월,Amazon(USA),BA00025,스위밍풀토너패드[220ml|70매/-],826
2025년 4월,Amazon(USA),BA00031,콜라겐 하이드로겔 마스크[4EA|30g/글로우업],828
2025년 4월,Amazon(USA),BA00030,콜라겐 하이드로겔 마스크[4EA|30g/타이트업],4300
2025년 4월,Amazon(USA),BA00028,퍼플PDRN포어세럼[30ml/-],1639
2025년 4월,Amazon(USA),BA00029,퍼플라이스포어클렌징오일[200ml/-],138
2025년 4월,Amazon(USA),BA00027,퍼플라이스포어팩클렌저[130g/-],237
2025년 4월,B2B(GLOBAL),BA00021,바쿠치올플럼핑세럼[30ml/-],33530
2025년 4월,B2B(GLOBAL),BA00022,비타민일루미네이팅세럼[30ml/-],22020
2025년 4월,B2B(GLOBAL),BA00026,스위밍풀앰플[50ml/-],5547
2025년 4월,B2B(GLOBAL),BA00024,스위밍풀토너[155ml/-],15579
2025년 4월,B2B(GLOBAL),BA00023,스위밍풀토너[300ml/-],21260
2025년 4월,B2B(GLOBAL),BA00025,스위밍풀토너패드[220ml|70매/-],5623
2025년 4월,B2B(GLOBAL),BA00017,앰플[50ml/-],26
2025년 4월,B2B(GLOBAL),BA00031,콜라겐 하이드로겔 마스크[4EA|30g/글로우업],2637
2025년 4월,B2B(GLOBAL),BA00030,콜라겐 하이드로겔 마스크[4EA|30g/타이트업],3521
2025년 4월,B2B(GLOBAL),BA00024,토너[155ml/-],4073
2025년 4월,B2B(GLOBAL),BA00023,토너[300ml/-],9987
2025년 4월,B2B(GLOBAL),BA00025,토너패드[220ml|70매/-],562
2025년 4월,B2B(GLOBAL),BA00028,퍼플PDRN포어세럼[30ml/-],3921
2025년 4월,B2B(GLOBAL),BA00029,퍼플라이스포어클렌징오일[200ml/-],2139
2025년 4월,B2B(GLOBAL),BA00027,퍼플라이스포어팩클렌저[130g/-],2530
2025년 4월,Shopee(MY),BA00019,데일리글로우클렌저[210ml/-],340
2025년 4월,Shopee(MY),BA00021,바쿠치올플럼핑세럼[30ml/-],182
2025년 4월,Shopee(MY),BA00022,비타민일루미네이팅세럼[30ml/-],70
2025년 4월,Shopee(MY),BA00026,스위밍풀앰플[50ml/-],94
2025년 4월,Shopee(MY),BA00024,스위밍풀토너[155ml/-],292
2025년 4월,Shopee(MY),BA00023,스위밍풀토너[300ml/-],300
2025년 4월,Shopee(MY),BA00025,스위밍풀토너패드[220ml|70매/-],16
2025년 4월,Shopee(MY),BA00031,콜라겐 하이드로겔 마스크[4EA|30g/글로우업],3
2025년 4월,Shopee(MY),BA00030,콜라겐 하이드로겔 마스크[4EA|30g/타이트업],22
2025년 4월,Shopee(MY),BA00028,퍼플PDRN포어세럼[30ml/-],41
2025년 4월,Shopee(MY),BA00027,퍼플라이스포어팩클렌저[130g/-],10
2025년 4월,Shopee(PH),BA00019,데일리글로우클렌저[210ml/-],102
2025년 4월,Shopee(PH),BA00021,바쿠치올플럼핑세럼[30ml/-],345
2025년 4월,Shopee(PH),BA00022,비타민일루미네이팅세럼[30ml/-],228
2025년 4월,Shopee(PH),BA00026,스위밍풀앰플[50ml/-],8
2025년 4월,Shopee(PH),BA00024,스위밍풀토너[155ml/-],693
2025년 4월,Shopee(PH),BA00023,스위밍풀토너[300ml/-],730
2025년 4월,Shopee(PH),BA00025,스위밍풀토너패드[220ml|70매/-],40
2025년 4월,Shopee(PH),BA00031,콜라겐 하이드로겔 마스크[4EA|30g/글로우업],18
2025년 4월,Shopee(PH),BA00030,콜라겐 하이드로겔 마스크[4EA|30g/타이트업],40
2025년 4월,Shopee(PH),BA00028,퍼플PDRN포어세럼[30ml/-],57
2025년 4월,Shopee(PH),BA00029,퍼플라이스포어클렌징오일[200ml/-],5
2025년 4월,Shopee(PH),BA00027,퍼플라이스포어팩클렌저[130g/-],10
2025년 4월,Shopee(SG),BA00019,데일리글로우클렌저[210ml/-],230
2025년 4월,Shopee(SG),BA00021,바쿠치올플럼핑세럼[30ml/-],759
2025년 4월,Shopee(SG),BA00022,비타민일루미네이팅세럼[30ml/-],212
2025년 4월,Shopee(SG),BA00026,스위밍풀앰플[50ml/-],67
2025년 4월,Shopee(SG),BA00024,스위밍풀토너[155ml/-],366
2025년 4월,Shopee(SG),BA00023,스위밍풀토너[300ml/-],822
2025년 4월,Shopee(SG),BA00025,스위밍풀토너패드[220ml|70매/-],47
2025년 4월,Shopee(SG),BA00031,콜라겐 하이드로겔 마스크[4EA|30g/글로우업],16
2025년 4월,Shopee(SG),BA00030,콜라겐 하이드로겔 마스크[4EA|30g/타이트업],74
2025년 4월,Shopee(SG),BA00028,퍼플PDRN포어세럼[30ml/-],63
2025년 4월,Shopee(SG),BA00029,퍼플라이스포어클렌징오일[200ml/-],3
2025년 4월,Shopee(SG),BA00027,퍼플라이스포어팩클렌저[130g/-],3
2025년 4월,Shopee(TW),BA00021,바쿠치올플럼핑세럼[30ml/-],44
2025년 4월,Shopee(TW),BA00022,비타민일루미네이팅세럼[30ml/-],90
2025년 4월,Shopee(TW),BA00026,스위밍풀앰플[50ml/-],88
2025년 4월,Shopee(TW),BA00024,스위밍풀토너[155ml/-],22
2025년 4월,Shopee(TW),BA00023,스위밍풀토너[300ml/-],60
2025년 4월,Shopee(TW),BA00025,스위밍풀토너패드[220ml|70매/-],1
2025년 4월,Shopee(TW),BA00030,콜라겐 하이드로겔 마스크[4EA|30g/타이트업],2
2025년 4월,Shopee(TW),BA00028,퍼플PDRN포어세럼[30ml/-],9
2025년 4월,Shopee(TW),BA00027,퍼플라이스포어팩클렌저[130g/-],4
2025년 4월,Shopee(VN),BA00021,바쿠치올플럼핑세럼[30ml/-],90
2025년 4월,Shopee(VN),BA00022,비타민일루미네이팅세럼[30ml/-],45
2025년 4월,Shopee(VN),BA00026,스위밍풀앰플[50ml/-],1221
2025년 4월,Shopee(VN),BA00024,스위밍풀토너[155ml/-],1094
2025년 4월,Shopee(VN),BA00023,스위밍풀토너[300ml/-],89
2025년 4월,Shopee(VN),BA00025,스위밍풀토너패드[220ml|70매/-],7
2025년 4월,Shopee(VN),BA00031,콜라겐 하이드로겔 마스크[4EA|30g/글로우업],15
2025년 4월,Shopee(VN),BA00030,콜라겐 하이드로겔 마스크[4EA|30g/타이트업],52
2025년 4월,Shopee(VN),BA00028,퍼플PDRN포어세럼[30ml/-],32
2025년 4월,Shopee(VN),BA00027,퍼플라이스포어팩클렌저[130g/-],5
2025년 5월,Amazon(USA),BA00019,데일리글로우클렌저[210ml/-],278
2025년 5월,Amazon(USA),BA00021,바쿠치올플럼핑세럼[30ml/-],8151
2025년 5월,Amazon(USA),BA00022,비타민일루미네이팅세럼[30ml/-],3809
2025년 5월,Amazon(USA),BA00023,스위밍풀토너[300ml/-],9900
2025년 5월,Amazon(USA),BA00025,스위밍풀토너패드[220ml|70매/-],801
2025년 5월,Amazon(USA),BA00031,콜라겐 하이드로겔 마스크[4EA|30g/글로우업],594
2025년 5월,Amazon(USA),BA00030,콜라겐 하이드로겔 마스크[4EA|30g/타이트업],2764
2025년 5월,Amazon(USA),BA00028,퍼플PDRN포어세럼[30ml/-],1196
2025년 5월,Amazon(USA),BA00029,퍼플라이스포어클렌징오일[200ml/-],187
2025년 5월,Amazon(USA),BA00027,퍼플라이스포어팩클렌저[130g/-],276
2025년 5월,B2B(GLOBAL),BA00021,바쿠치올플럼핑세럼[30ml/-],25469
2025년 5월,B2B(GLOBAL),BA00022,비타민일루미네이팅세럼[30ml/-],23327
2025년 5월,B2B(GLOBAL),BA00026,스위밍풀앰플[50ml/-],3820
2025년 5월,B2B(GLOBAL),BA00024,스위밍풀토너[155ml/-],11814
2025년 5월,B2B(GLOBAL),BA00023,스위밍풀토너[300ml/-],12973
2025년 5월,B2B(GLOBAL),BA00025,스위밍풀토너패드[220ml|70매/-],4150
2025년 5월,B2B(GLOBAL),BA00017,앰플[50ml/-],52
2025년 5월,B2B(GLOBAL),BA00036,콜라겐 겔 토너 패드[60매|140ml/글로우업],639
2025년 5월,B2B(GLOBAL),BA00035,콜라겐 겔 토너 패드[60매|140ml/포어타이트업],687
2025년 5월,B2B(GLOBAL),BA00031,콜라겐 하이드로겔 마스크[4EA|30g/글로우업],3992
2025년 5월,B2B(GLOBAL),BA00030,콜라겐 하이드로겔 마스크[4EA|30g/타이트업],4889
2025년 5월,B2B(GLOBAL),BA00024,토너[155ml/-],2332
2025년 5월,B2B(GLOBAL),BA00023,토너[300ml/-],8261
2025년 5월,B2B(GLOBAL),BA00025,토너패드[220ml|70매/-],586
2025년 5월,B2B(GLOBAL),BA00028,퍼플PDRN포어세럼[30ml/-],6966
2025년 5월,B2B(GLOBAL),BA00029,퍼플라이스포어클렌징오일[200ml/-],4118
2025년 5월,B2B(GLOBAL),BA00027,퍼플라이스포어팩클렌저[130g/-],3132
2025년 5월,Shopee(MY),BA00019,데일리글로우클렌저[210ml/-],876
2025년 5월,Shopee(MY),BA00021,바쿠치올플럼핑세럼[30ml/-],364
2025년 5월,Shopee(MY),BA00022,비타민일루미네이팅세럼[30ml/-],186
2025년 5월,Shopee(MY),BA00026,스위밍풀앰플[50ml/-],11
2025년 5월,Shopee(MY),BA00024,스위밍풀토너[155ml/-],579
2025년 5월,Shopee(MY),BA00023,스위밍풀토너[300ml/-],461
2025년 5월,Shopee(MY),BA00025,스위밍풀토너패드[220ml|70매/-],45
2025년 5월,Shopee(MY),BA00035,콜라겐 겔 토너 패드[60매|140ml/포어타이트업],4
2025년 5월,Shopee(MY),BA00031,콜라겐 하이드로겔 마스크[4EA|30g/글로우업],12
2025년 5월,Shopee(MY),BA00030,콜라겐 하이드로겔 마스크[4EA|30g/타이트업],52
2025년 5월,Shopee(MY),BA00028,퍼플PDRN포어세럼[30ml/-],116
2025년 5월,Shopee(MY),BA00029,퍼플라이스포어클렌징오일[200ml/-],14
2025년 5월,Shopee(MY),BA00027,퍼플라이스포어팩클렌저[130g/-],10
2025년 5월,Shopee(PH),BA00019,데일리글로우클렌저[210ml/-],23
2025년 5월,Shopee(PH),BA00021,바쿠치올플럼핑세럼[30ml/-],364
2025년 5월,Shopee(PH),BA00022,비타민일루미네이팅세럼[30ml/-],328
2025년 5월,Shopee(PH),BA00026,스위밍풀앰플[50ml/-],10
2025년 5월,Shopee(PH),BA00024,스위밍풀토너[155ml/-],665
2025년 5월,Shopee(PH),BA00023,스위밍풀토너[300ml/-],300
2025년 5월,Shopee(PH),BA00025,스위밍풀토너패드[220ml|70매/-],41
2025년 5월,Shopee(PH),BA00036,콜라겐 겔 토너 패드[60매|140ml/글로우업],3
2025년 5월,Shopee(PH),BA00035,콜라겐 겔 토너 패드[60매|140ml/포어타이트업],5
2025년 5월,Shopee(PH),BA00031,콜라겐 하이드로겔 마스크[4EA|30g/글로우업],9
2025년 5월,Shopee(PH),BA00030,콜라겐 하이드로겔 마스크[4EA|30g/타이트업],90
2025년 5월,Shopee(PH),BA00028,퍼플PDRN포어세럼[30ml/-],156
2025년 5월,Shopee(PH),BA00029,퍼플라이스포어클렌징오일[200ml/-],9
2025년 5월,Shopee(PH),BA00027,퍼플라이스포어팩클렌저[130g/-],29
2025년 5월,Shopee(SG),BA00019,데일리글로우클렌저[210ml/-],38
2025년 5월,Shopee(SG),BA00021,바쿠치올플럼핑세럼[30ml/-],888
2025년 5월,Shopee(SG),BA00022,비타민일루미네이팅세럼[30ml/-],344
2025년 5월,Shopee(SG),BA00026,스위밍풀앰플[50ml/-],8
2025년 5월,Shopee(SG),BA00024,스위밍풀토너[155ml/-],723
2025년 5월,Shopee(SG),BA00023,스위밍풀토너[300ml/-],799
2025년 5월,Shopee(SG),BA00025,스위밍풀토너패드[220ml|70매/-],94
2025년 5월,Shopee(SG),BA00036,콜라겐 겔 토너 패드[60매|140ml/글로우업],4
2025년 5월,Shopee(SG),BA00031,콜라겐 하이드로겔 마스크[4EA|30g/글로우업],174
2025년 5월,Shopee(SG),BA00030,콜라겐 하이드로겔 마스크[4EA|30g/타이트업],270
2025년 5월,Shopee(SG),BA00028,퍼플PDRN포어세럼[30ml/-],294
2025년 5월,Shopee(SG),BA00029,퍼플라이스포어클렌징오일[200ml/-],5
2025년 5월,Shopee(SG),BA00027,퍼플라이스포어팩클렌저[130g/-],23
2025년 5월,Shopee(TW),BA00021,바쿠치올플럼핑세럼[30ml/-],46
2025년 5월,Shopee(TW),BA00022,비타민일루미네이팅세럼[30ml/-],183
2025년 5월,Shopee(TW),BA00026,스위밍풀앰플[50ml/-],116
2025년 5월,Shopee(TW),BA00024,스위밍풀토너[155ml/-],19
2025년 5월,Shopee(TW),BA00023,스위밍풀토너[300ml/-],39
2025년 5월,Shopee(TW),BA00036,콜라겐 겔 토너 패드[60매|140ml/글로우업],19
2025년 5월,Shopee(TW),BA00035,콜라겐 겔 토너 패드[60매|140ml/포어타이트업],48
2025년 5월,Shopee(TW),BA00031,콜라겐 하이드로겔 마스크[4EA|30g/글로우업],3
2025년 5월,Shopee(TW),BA00030,콜라겐 하이드로겔 마스크[4EA|30g/타이트업],12
2025년 5월,Shopee(TW),BA00028,퍼플PDRN포어세럼[30ml/-],72
2025년 5월,Shopee(TW),BA00029,퍼플라이스포어클렌징오일[200ml/-],1
2025년 5월,Shopee(TW),BA00027,퍼플라이스포어팩클렌저[130g/-],64
2025년 5월,Shopee(VN),BA00021,바쿠치올플럼핑세럼[30ml/-],159
2025년 5월,Shopee(VN),BA00022,비타민일루미네이팅세럼[30ml/-],43
2025년 5월,Shopee(VN),BA00026,스위밍풀앰플[50ml/-],283
2025년 5월,Shopee(VN),BA00024,스위밍풀토너[155ml/-],289
2025년 5월,Shopee(VN),BA00023,스위밍풀토너[300ml/-],145
2025년 5월,Shopee(VN),BA00025,스위밍풀토너패드[220ml|70매/-],4
2025년 5월,Shopee(VN),BA00031,콜라겐 하이드로겔 마스크[4EA|30g/글로우업],2
2025년 5월,Shopee(VN),BA00030,콜라겐 하이드로겔 마스크[4EA|30g/타이트업],24
2025년 5월,Shopee(VN),BA00028,퍼플PDRN포어세럼[30ml/-],58
2025년 5월,Shopee(VN),BA00029,퍼플라이스포어클렌징오일[200ml/-],4
2025년 5월,Shopee(VN),BA00027,퍼플라이스포어팩클렌저[130g/-],4
2025년 5월,TikTokShop(USA),BA00021,바쿠치올플럼핑세럼[30ml/-],1140
2025년 5월,TikTokShop(USA),BA00022,비타민일루미네이팅세럼[30ml/-],658
2025년 5월,TikTokShop(USA),BA00023,스위밍풀토너[300ml/-],29
2025년 5월,TikTokShop(USA),BA00031,콜라겐 하이드로겔 마스크[4EA|30g/글로우업],67
2025년 5월,TikTokShop(USA),BA00030,콜라겐 하이드로겔 마스크[4EA|30g/타이트업],165
2025년 5월,TikTokShop(USA),BA00028,퍼플PDRN포어세럼[30ml/-],63
2025년 5월,TikTokShop(USA),BA00027,퍼플라이스포어팩클렌저[130g/-],73
2025년 6월,Amazon(USA),BA00019,데일리글로우클렌저[210ml/-],223
2025년 6월,Amazon(USA),BA00021,바쿠치올플럼핑세럼[30ml/-],5418
2025년 6월,Amazon(USA),BA00039,바쿠치올플럼핑캡슐크림[50ml/-],80
2025년 6월,Amazon(USA),BA00022,비타민일루미네이팅세럼[30ml/-],3290
2025년 6월,Amazon(USA),BA00023,스위밍풀토너[300ml/-],6826
2025년 6월,Amazon(USA),BA00025,스위밍풀토너패드[220ml|70매/-],717
2025년 6월,Amazon(USA),BA00036,콜라겐 겔 토너 패드[60매|140ml/글로우업],50
2025년 6월,Amazon(USA),BA00035,콜라겐 겔 토너 패드[60매|140ml/포어타이트업],53
2025년 6월,Amazon(USA),BA00031,콜라겐 하이드로겔 마스크[4EA|30g/글로우업],332
2025년 6월,Amazon(USA),BA00030,콜라겐 하이드로겔 마스크[4EA|30g/타이트업],809
2025년 6월,Amazon(USA),BA00028,퍼플PDRN포어세럼[30ml/-],981
2025년 6월,Amazon(USA),BA00029,퍼플라이스포어클렌징오일[200ml/-],106
2025년 6월,Amazon(USA),BA00027,퍼플라이스포어팩클렌저[130g/-],99
2025년 6월,B2B(GLOBAL),BA00019,데일리글로우클렌저[210ml/-],0
2025년 6월,B2B(GLOBAL),BA00021,바쿠치올플럼핑세럼[30ml/-],32220
2025년 6월,B2B(GLOBAL),BA00039,바쿠치올플럼핑캡슐크림[50ml/-],600
2025년 6월,B2B(GLOBAL),BA00022,비타민일루미네이팅세럼[30ml/-],20751
2025년 6월,B2B(GLOBAL),BA00026,스위밍풀앰플[50ml/-],4019
2025년 6월,B2B(GLOBAL),BA00024,스위밍풀토너[155ml/-],10637
2025년 6월,B2B(GLOBAL),BA00023,스위밍풀토너[300ml/-],17335
2025년 6월,B2B(GLOBAL),BA00025,스위밍풀토너패드[220ml|70매/-],4104
2025년 6월,B2B(GLOBAL),BA00017,앰플[50ml/-],59
2025년 6월,B2B(GLOBAL),BA00036,콜라겐 겔 토너 패드[60매|140ml/글로우업],1470
2025년 6월,B2B(GLOBAL),BA00035,콜라겐 겔 토너 패드[60매|140ml/포어타이트업],1526
2025년 6월,B2B(GLOBAL),BA00031,콜라겐 하이드로겔 마스크[4EA|30g/글로우업],4912
2025년 6월,B2B(GLOBAL),BA00030,콜라겐 하이드로겔 마스크[4EA|30g/타이트업],5094
2025년 6월,B2B(GLOBAL),BA00024,토너[155ml/-],1967
2025년 6월,B2B(GLOBAL),BA00023,토너[300ml/-],9384
2025년 6월,B2B(GLOBAL),BA00025,토너패드[220ml|70매/-],1137
2025년 6월,B2B(GLOBAL),BA00028,퍼플PDRN포어세럼[30ml/-],9989
2025년 6월,B2B(GLOBAL),BA00029,퍼플라이스포어클렌징오일[200ml/-],4360
2025년 6월,B2B(GLOBAL),BA00027,퍼플라이스포어팩클렌저[130g/-],4117
2025년 6월,Shopee(MY),BA00019,데일리글로우클렌저[210ml/-],263
2025년 6월,Shopee(MY),BA00010,딥크림[70ml/-],7
2025년 6월,Shopee(MY),BA00021,바쿠치올플럼핑세럼[30ml/-],634
2025년 6월,Shopee(MY),BA00039,바쿠치올플럼핑캡슐크림[50ml/-],2
2025년 6월,Shopee(MY),BA00022,비타민일루미네이팅세럼[30ml/-],494
2025년 6월,Shopee(MY),BA00026,스위밍풀앰플[50ml/-],11
2025년 6월,Shopee(MY),BA00024,스위밍풀토너[155ml/-],693
2025년 6월,Shopee(MY),BA00023,스위밍풀토너[300ml/-],556
2025년 6월,Shopee(MY),BA00025,스위밍풀토너패드[220ml|70매/-],41
2025년 6월,Shopee(MY),BA00036,콜라겐 겔 토너 패드[60매|140ml/글로우업],13
2025년 6월,Shopee(MY),BA00035,콜라겐 겔 토너 패드[60매|140ml/포어타이트업],21
2025년 6월,Shopee(MY),BA00031,콜라겐 하이드로겔 마스크[4EA|30g/글로우업],8
2025년 6월,Shopee(MY),BA00030,콜라겐 하이드로겔 마스크[4EA|30g/타이트업],14
2025년 6월,Shopee(MY),BA00028,퍼플PDRN포어세럼[30ml/-],165
2025년 6월,Shopee(MY),BA00029,퍼플라이스포어클렌징오일[200ml/-],7
2025년 6월,Shopee(MY),BA00027,퍼플라이스포어팩클렌저[130g/-],17
2025년 6월,Shopee(PH),BA00021,바쿠치올플럼핑세럼[30ml/-],875
2025년 6월,Shopee(PH),BA00039,바쿠치올플럼핑캡슐크림[50ml/-],7
2025년 6월,Shopee(PH),BA00022,비타민일루미네이팅세럼[30ml/-],661
2025년 6월,Shopee(PH),BA00026,스위밍풀앰플[50ml/-],26
2025년 6월,Shopee(PH),BA00024,스위밍풀토너[155ml/-],1674
2025년 6월,Shopee(PH),BA00023,스위밍풀토너[300ml/-],1324
2025년 6월,Shopee(PH),BA00025,스위밍풀토너패드[220ml|70매/-],859
2025년 6월,Shopee(PH),BA00036,콜라겐 겔 토너 패드[60매|140ml/글로우업],16
2025년 6월,Shopee(PH),BA00035,콜라겐 겔 토너 패드[60매|140ml/포어타이트업],45
2025년 6월,Shopee(PH),BA00031,콜라겐 하이드로겔 마스크[4EA|30g/글로우업],40
2025년 6월,Shopee(PH),BA00030,콜라겐 하이드로겔 마스크[4EA|30g/타이트업],89
2025년 6월,Shopee(PH),BA00028,퍼플PDRN포어세럼[30ml/-],349
2025년 6월,Shopee(PH),BA00029,퍼플라이스포어클렌징오일[200ml/-],25
2025년 6월,Shopee(PH),BA00027,퍼플라이스포어팩클렌저[130g/-],628
2025년 6월,Shopee(SG),BA00019,데일리글로우클렌저[210ml/-],50
2025년 6월,Shopee(SG),BA00021,바쿠치올플럼핑세럼[30ml/-],1012
2025년 6월,Shopee(SG),BA00039,바쿠치올플럼핑캡슐크림[50ml/-],6
2025년 6월,Shopee(SG),BA00022,비타민일루미네이팅세럼[30ml/-],322
2025년 6월,Shopee(SG),BA00026,스위밍풀앰플[50ml/-],7
2025년 6월,Shopee(SG),BA00024,스위밍풀토너[155ml/-],808
2025년 6월,Shopee(SG),BA00023,스위밍풀토너[300ml/-],774
2025년 6월,Shopee(SG),BA00025,스위밍풀토너패드[220ml|70매/-],143
2025년 6월,Shopee(SG),BA00036,콜라겐 겔 토너 패드[60매|140ml/글로우업],7
2025년 6월,Shopee(SG),BA00035,콜라겐 겔 토너 패드[60매|140ml/포어타이트업],25
2025년 6월,Shopee(SG),BA00031,콜라겐 하이드로겔 마스크[4EA|30g/글로우업],28
2025년 6월,Shopee(SG),BA00030,콜라겐 하이드로겔 마스크[4EA|30g/타이트업],65
2025년 6월,Shopee(SG),BA00028,퍼플PDRN포어세럼[30ml/-],378
2025년 6월,Shopee(SG),BA00029,퍼플라이스포어클렌징오일[200ml/-],6
2025년 6월,Shopee(SG),BA00027,퍼플라이스포어팩클렌저[130g/-],19
2025년 6월,Shopee(TW),BA00021,바쿠치올플럼핑세럼[30ml/-],62
2025년 6월,Shopee(TW),BA00022,비타민일루미네이팅세럼[30ml/-],723
2025년 6월,Shopee(TW),BA00024,스위밍풀토너[155ml/-],17
2025년 6월,Shopee(TW),BA00023,스위밍풀토너[300ml/-],36
2025년 6월,Shopee(TW),BA00025,스위밍풀토너패드[220ml|70매/-],1
2025년 6월,Shopee(TW),BA00036,콜라겐 겔 토너 패드[60매|140ml/글로우업],32
2025년 6월,Shopee(TW),BA00035,콜라겐 겔 토너 패드[60매|140ml/포어타이트업],140
2025년 6월,Shopee(TW),BA00031,콜라겐 하이드로겔 마스크[4EA|30g/글로우업],14
2025년 6월,Shopee(TW),BA00030,콜라겐 하이드로겔 마스크[4EA|30g/타이트업],8
2025년 6월,Shopee(TW),BA00028,퍼플PDRN포어세럼[30ml/-],143
2025년 6월,Shopee(TW),BA00029,퍼플라이스포어클렌징오일[200ml/-],6
2025년 6월,Shopee(TW),BA00027,퍼플라이스포어팩클렌저[130g/-],100
2025년 6월,Shopee(VN),BA00021,바쿠치올플럼핑세럼[30ml/-],234
2025년 6월,Shopee(VN),BA00039,바쿠치올플럼핑캡슐크림[50ml/-],2
2025년 6월,Shopee(VN),BA00022,비타민일루미네이팅세럼[30ml/-],116
2025년 6월,Shopee(VN),BA00026,스위밍풀앰플[50ml/-],2096
2025년 6월,Shopee(VN),BA00024,스위밍풀토너[155ml/-],738
2025년 6월,Shopee(VN),BA00023,스위밍풀토너[300ml/-],186
2025년 6월,Shopee(VN),BA00025,스위밍풀토너패드[220ml|70매/-],4
2025년 6월,Shopee(VN),BA00031,콜라겐 하이드로겔 마스크[4EA|30g/글로우업],45
2025년 6월,Shopee(VN),BA00030,콜라겐 하이드로겔 마스크[4EA|30g/타이트업],50
2025년 6월,Shopee(VN),BA00028,퍼플PDRN포어세럼[30ml/-],174
2025년 6월,Shopee(VN),BA00029,퍼플라이스포어클렌징오일[200ml/-],21
2025년 6월,Shopee(VN),BA00027,퍼플라이스포어팩클렌저[130g/-],16
2025년 6월,TikTokShop(USA),BA00021,바쿠치올플럼핑세럼[30ml/-],3183
2025년 6월,TikTokShop(USA),BA00022,비타민일루미네이팅세럼[30ml/-],2925
2025년 6월,TikTokShop(USA),BA00023,스위밍풀토너[300ml/-],2136
2025년 6월,TikTokShop(USA),BA00031,콜라겐 하이드로겔 마스크[4EA|30g/글로우업],151
2025년 6월,TikTokShop(USA),BA00030,콜라겐 하이드로겔 마스크[4EA|30g/타이트업],946
2025년 6월,TikTokShop(USA),BA00028,퍼플PDRN포어세럼[30ml/-],177
2025년 6월,TikTokShop(USA),BA00027,퍼플라이스포어팩클렌저[130g/-],89
2025년 7월,Amazon(USA),BA00019,데일리글로우클렌저[210ml/-],273
2025년 7월,Amazon(USA),BA00021,바쿠치올플럼핑세럼[30ml/-],14057
2025년 7월,Amazon(USA),BA00039,바쿠치올플럼핑캡슐크림[50ml/-],534
2025년 7월,Amazon(USA),BA00022,비타민일루미네이팅세럼[30ml/-],6826
2025년 7월,Amazon(USA),BA00023,스위밍풀토너[300ml/-],12516
2025년 7월,Amazon(USA),BA00025,스위밍풀토너패드[220ml|70매/-],779
2025년 7월,Amazon(USA),BA00036,콜라겐 겔 토너 패드[60매|140ml/글로우업],24
2025년 7월,Amazon(USA),BA00035,콜라겐 겔 토너 패드[60매|140ml/포어타이트업],76
2025년 7월,Amazon(USA),BA00031,콜라겐 하이드로겔 마스크[4EA|30g/글로우업],282
2025년 7월,Amazon(USA),BA00030,콜라겐 하이드로겔 마스크[4EA|30g/타이트업],1324
2025년 7월,Amazon(USA),BA00028,퍼플PDRN포어세럼[30ml/-],1434
2025년 7월,Amazon(USA),BA00029,퍼플라이스포어클렌징오일[200ml/-],125
2025년 7월,Amazon(USA),BA00027,퍼플라이스포어팩클렌저[130g/-],92
2025년 7월,B2B(GLOBAL),BA00021,바쿠치올플럼핑세럼[30ml/-],32678
2025년 7월,B2B(GLOBAL),BA00039,바쿠치올플럼핑캡슐크림[50ml/-],8806
2025년 7월,B2B(GLOBAL),BA00022,비타민일루미네이팅세럼[30ml/-],22004
2025년 7월,B2B(GLOBAL),BA00026,스위밍풀앰플[50ml/-],4093
2025년 7월,B2B(GLOBAL),BA00024,스위밍풀토너[155ml/-],11492
2025년 7월,B2B(GLOBAL),BA00023,스위밍풀토너[300ml/-],13473
2025년 7월,B2B(GLOBAL),BA00025,스위밍풀토너패드[220ml|70매/-],4438
2025년 7월,B2B(GLOBAL),BA00017,앰플[50ml/-],29
2025년 7월,B2B(GLOBAL),BA00036,콜라겐 겔 토너 패드[60매|140ml/글로우업],2396
2025년 7월,B2B(GLOBAL),BA00035,콜라겐 겔 토너 패드[60매|140ml/포어타이트업],2540
2025년 7월,B2B(GLOBAL),BA00031,콜라겐 하이드로겔 마스크[4EA|30g/글로우업],4150
2025년 7월,B2B(GLOBAL),BA00030,콜라겐 하이드로겔 마스크[4EA|30g/타이트업],5663
2025년 7월,B2B(GLOBAL),BA00024,토너[155ml/-],1145
2025년 7월,B2B(GLOBAL),BA00023,토너[300ml/-],5135
2025년 7월,B2B(GLOBAL),BA00025,토너패드[220ml|70매/-],804
2025년 7월,B2B(GLOBAL),BA00028,퍼플PDRN포어세럼[30ml/-],11610
2025년 7월,B2B(GLOBAL),BA00029,퍼플라이스포어클렌징오일[200ml/-],6414
2025년 7월,B2B(GLOBAL),BA00027,퍼플라이스포어팩클렌저[130g/-],6046
2025년 7월,Shopee(MY),BA00019,데일리글로우클렌저[210ml/-],935
2025년 7월,Shopee(MY),BA00010,딥크림[70ml/-],19
2025년 7월,Shopee(MY),BA00021,바쿠치올플럼핑세럼[30ml/-],905
2025년 7월,Shopee(MY),BA00039,바쿠치올플럼핑캡슐크림[50ml/-],77
2025년 7월,Shopee(MY),BA00022,비타민일루미네이팅세럼[30ml/-],272
2025년 7월,Shopee(MY),BA00026,스위밍풀앰플[50ml/-],7
2025년 7월,Shopee(MY),BA00024,스위밍풀토너[155ml/-],1445
2025년 7월,Shopee(MY),BA00023,스위밍풀토너[300ml/-],688
2025년 7월,Shopee(MY),BA00025,스위밍풀토너패드[220ml|70매/-],45
2025년 7월,Shopee(MY),BA00036,콜라겐 겔 토너 패드[60매|140ml/글로우업],7
2025년 7월,Shopee(MY),BA00035,콜라겐 겔 토너 패드[60매|140ml/포어타이트업],13
2025년 7월,Shopee(MY),BA00031,콜라겐 하이드로겔 마스크[4EA|30g/글로우업],15
2025년 7월,Shopee(MY),BA00028,퍼플PDRN포어세럼[30ml/-],196
2025년 7월,Shopee(MY),BA00029,퍼플라이스포어클렌징오일[200ml/-],19
2025년 7월,Shopee(MY),BA00027,퍼플라이스포어팩클렌저[130g/-],399
2025년 7월,Shopee(PH),BA00021,바쿠치올플럼핑세럼[30ml/-],749
2025년 7월,Shopee(PH),BA00039,바쿠치올플럼핑캡슐크림[50ml/-],60
2025년 7월,Shopee(PH),BA00022,비타민일루미네이팅세럼[30ml/-],444
2025년 7월,Shopee(PH),BA00026,스위밍풀앰플[50ml/-],19
2025년 7월,Shopee(PH),BA00024,스위밍풀토너[155ml/-],1602
2025년 7월,Shopee(PH),BA00023,스위밍풀토너[300ml/-],837
2025년 7월,Shopee(PH),BA00025,스위밍풀토너패드[220ml|70매/-],68
2025년 7월,Shopee(PH),BA00036,콜라겐 겔 토너 패드[60매|140ml/글로우업],20
2025년 7월,Shopee(PH),BA00035,콜라겐 겔 토너 패드[60매|140ml/포어타이트업],42
2025년 7월,Shopee(PH),BA00031,콜라겐 하이드로겔 마스크[4EA|30g/글로우업],17
2025년 7월,Shopee(PH),BA00030,콜라겐 하이드로겔 마스크[4EA|30g/타이트업],54
2025년 7월,Shopee(PH),BA00028,퍼플PDRN포어세럼[30ml/-],280
2025년 7월,Shopee(PH),BA00029,퍼플라이스포어클렌징오일[200ml/-],29
2025년 7월,Shopee(PH),BA00027,퍼플라이스포어팩클렌저[130g/-],137
2025년 7월,Shopee(SG),BA00019,데일리글로우클렌저[210ml/-],102
2025년 7월,Shopee(SG),BA00021,바쿠치올플럼핑세럼[30ml/-],1869
2025년 7월,Shopee(SG),BA00039,바쿠치올플럼핑캡슐크림[50ml/-],124
2025년 7월,Shopee(SG),BA00022,비타민일루미네이팅세럼[30ml/-],775
2025년 7월,Shopee(SG),BA00026,스위밍풀앰플[50ml/-],13
2025년 7월,Shopee(SG),BA00024,스위밍풀토너[155ml/-],1741
2025년 7월,Shopee(SG),BA00023,스위밍풀토너[300ml/-],1177
2025년 7월,Shopee(SG),BA00025,스위밍풀토너패드[220ml|70매/-],238
2025년 7월,Shopee(SG),BA00036,콜라겐 겔 토너 패드[60매|140ml/글로우업],74
2025년 7월,Shopee(SG),BA00035,콜라겐 겔 토너 패드[60매|140ml/포어타이트업],380
2025년 7월,Shopee(SG),BA00031,콜라겐 하이드로겔 마스크[4EA|30g/글로우업],28
2025년 7월,Shopee(SG),BA00030,콜라겐 하이드로겔 마스크[4EA|30g/타이트업],82
2025년 7월,Shopee(SG),BA00028,퍼플PDRN포어세럼[30ml/-],442
2025년 7월,Shopee(SG),BA00029,퍼플라이스포어클렌징오일[200ml/-],29
2025년 7월,Shopee(SG),BA00027,퍼플라이스포어팩클렌저[130g/-],63
2025년 7월,Shopee(TW),BA00021,바쿠치올플럼핑세럼[30ml/-],69
2025년 7월,Shopee(TW),BA00039,바쿠치올플럼핑캡슐크림[50ml/-],10
2025년 7월,Shopee(TW),BA00022,비타민일루미네이팅세럼[30ml/-],499
2025년 7월,Shopee(TW),BA00026,스위밍풀앰플[50ml/-],2
2025년 7월,Shopee(TW),BA00024,스위밍풀토너[155ml/-],11
2025년 7월,Shopee(TW),BA00023,스위밍풀토너[300ml/-],35
2025년 7월,Shopee(TW),BA00025,스위밍풀토너패드[220ml|70매/-],3
2025년 7월,Shopee(TW),BA00036,콜라겐 겔 토너 패드[60매|140ml/글로우업],22
2025년 7월,Shopee(TW),BA00035,콜라겐 겔 토너 패드[60매|140ml/포어타이트업],70
2025년 7월,Shopee(TW),BA00031,콜라겐 하이드로겔 마스크[4EA|30g/글로우업],25
2025년 7월,Shopee(TW),BA00030,콜라겐 하이드로겔 마스크[4EA|30g/타이트업],18
2025년 7월,Shopee(TW),BA00028,퍼플PDRN포어세럼[30ml/-],19
2025년 7월,Shopee(TW),BA00029,퍼플라이스포어클렌징오일[200ml/-],4
2025년 7월,Shopee(TW),BA00027,퍼플라이스포어팩클렌저[130g/-],96
2025년 7월,Shopee(VN),BA00021,바쿠치올플럼핑세럼[30ml/-],51
2025년 7월,Shopee(VN),BA00039,바쿠치올플럼핑캡슐크림[50ml/-],6
2025년 7월,Shopee(VN),BA00022,비타민일루미네이팅세럼[30ml/-],9
2025년 7월,Shopee(VN),BA00024,스위밍풀토너[155ml/-],101
2025년 7월,Shopee(VN),BA00023,스위밍풀토너[300ml/-],18
2025년 7월,Shopee(VN),BA00031,콜라겐 하이드로겔 마스크[4EA|30g/글로우업],1
2025년 7월,Shopee(VN),BA00030,콜라겐 하이드로겔 마스크[4EA|30g/타이트업],2
2025년 7월,Shopee(VN),BA00028,퍼플PDRN포어세럼[30ml/-],34
2025년 7월,Shopee(VN),BA00029,퍼플라이스포어클렌징오일[200ml/-],6
2025년 7월,Shopee(VN),BA00027,퍼플라이스포어팩클렌저[130g/-],5
2025년 7월,TikTokShop(USA),BA00021,바쿠치올플럼핑세럼[30ml/-],1492
2025년 7월,TikTokShop(USA),BA00039,바쿠치올플럼핑캡슐크림[50ml/-],137
2025년 7월,TikTokShop(USA),BA00022,비타민일루미네이팅세럼[30ml/-],1518
2025년 7월,TikTokShop(USA),BA00023,스위밍풀토너[300ml/-],1033
2025년 7월,TikTokShop(USA),BA00031,콜라겐 하이드로겔 마스크[4EA|30g/글로우업],30
2025년 7월,TikTokShop(USA),BA00030,콜라겐 하이드로겔 마스크[4EA|30g/타이트업],122
2025년 7월,TikTokShop(USA),BA00028,퍼플PDRN포어세럼[30ml/-],137
2025년 7월,TikTokShop(USA),BA00027,퍼플라이스포어팩클렌저[130g/-],50
2025년 8월,Amazon(USA),BA00019,데일리글로우클렌저[210ml/-],3
2025년 8월,Amazon(USA),BA00021,바쿠치올플럼핑세럼[30ml/-],247
2025년 8월,Amazon(USA),BA00039,바쿠치올플럼핑캡슐크림[50ml/-],34
2025년 8월,Amazon(USA),BA00022,비타민일루미네이팅세럼[30ml/-],266
2025년 8월,Amazon(USA),BA00023,스위밍풀토너[300ml/-],177
2025년 8월,Amazon(USA),BA00025,스위밍풀토너패드[220ml|70매/-],7
2025년 8월,Amazon(USA),BA00035,콜라겐 겔 토너 패드[60매|140ml/포어타이트업],1
2025년 8월,Amazon(USA),BA00031,콜라겐 하이드로겔 마스크[4EA|30g/글로우업],5
2025년 8월,Amazon(USA),BA00030,콜라겐 하이드로겔 마스크[4EA|30g/타이트업],22
2025년 8월,Amazon(USA),BA00028,퍼플PDRN포어세럼[30ml/-],17
2025년 8월,Amazon(USA),BA00029,퍼플라이스포어클렌징오일[200ml/-],2
2025년 8월,Amazon(USA),BA00027,퍼플라이스포어팩클렌저[130g/-],2
2025년 8월,B2B(GLOBAL),BA00021,바쿠치올플럼핑세럼[30ml/-],3574
2025년 8월,B2B(GLOBAL),BA00039,바쿠치올플럼핑캡슐크림[50ml/-],795
2025년 8월,B2B(GLOBAL),BA00022,비타민일루미네이팅세럼[30ml/-],2052
2025년 8월,B2B(GLOBAL),BA00026,스위밍풀앰플[50ml/-],308
2025년 8월,B2B(GLOBAL),BA00024,스위밍풀토너[155ml/-],1792
2025년 8월,B2B(GLOBAL),BA00023,스위밍풀토너[300ml/-],2638
2025년 8월,B2B(GLOBAL),BA00025,스위밍풀토너패드[220ml|70매/-],1340
2025년 8월,B2B(GLOBAL),BA00036,콜라겐 겔 토너 패드[60매|140ml/글로우업],245
2025년 8월,B2B(GLOBAL),BA00035,콜라겐 겔 토너 패드[60매|140ml/포어타이트업],341
2025년 8월,B2B(GLOBAL),BA00031,콜라겐 하이드로겔 마스크[4EA|30g/글로우업],185
2025년 8월,B2B(GLOBAL),BA00030,콜라겐 하이드로겔 마스크[4EA|30g/타이트업],225
2025년 8월,B2B(GLOBAL),BA00028,퍼플PDRN포어세럼[30ml/-],1020
2025년 8월,B2B(GLOBAL),BA00027,퍼플라이스포어팩클렌저[130g/-],120
